{"cameraMode":{"drawMode":0,"name":"Shaded","section":"Shading Mode"},"sceneLighting":true,"audioPlay":false,"sceneViewState":{"showFog":false,"showMaterialUpdate":false,"showSkybox":true,"showFlares":false,"showImageEffects":false,"showParticleSystems":false},"in2DMode":false,"pivot":{"x":-7.447627067565918,"y":16.955780029296876,"z":-16.442951202392579},"rotation":{"x":0.014495927840471268,"y":0.9682308435440064,"z":-0.2440224289894104,"w":0.05665777996182442},"size":5.8416595458984379,"orthographic":false}