{"cameraMode":{"drawMode":0,"name":"Shaded","section":"Shading Mode"},"sceneLighting":true,"audioPlay":false,"sceneViewState":{"showFog":false,"showMaterialUpdate":false,"showSkybox":true,"showFlares":false,"showImageEffects":false,"showParticleSystems":false},"in2DMode":false,"pivot":{"x":10.428792953491211,"y":36.46910095214844,"z":-45.227901458740237},"rotation":{"x":0.0801955983042717,"y":-0.9040329456329346,"z":0.19495950639247895,"w":0.37192171812057497},"size":46.76097106933594,"orthographic":false}