{"cameraMode":{"drawMode":0,"name":"Shaded","section":"Shading Mode"},"sceneLighting":true,"audioPlay":false,"sceneViewState":{"showFog":true,"showMaterialUpdate":false,"showSkybox":true,"showFlares":true,"showImageEffects":true,"showParticleSystems":true},"in2DMode":false,"pivot":{"x":10.05090618133545,"y":6.253265380859375,"z":-69.87712097167969},"rotation":{"x":0.1812615543603897,"y":0.03686876222491264,"z":-0.006802978925406933,"w":0.982725977897644},"size":1050.998291015625,"orthographic":false}