{"cameraMode":{"drawMode":0,"name":"Shaded","section":"Shading Mode"},"sceneLighting":true,"audioPlay":false,"sceneViewState":{"showFog":true,"showMaterialUpdate":false,"showSkybox":true,"showFlares":true,"showImageEffects":true,"showParticleSystems":true},"in2DMode":false,"pivot":{"x":721.1254272460938,"y":359.1844482421875,"z":140.132080078125},"rotation":{"x":0.17897963523864747,"y":-0.023318937048316003,"z":0.0042434269562363628,"w":0.9835695624351502},"size":2855.897216796875,"orthographic":false}