{"cameraMode":{"drawMode":0,"name":"Shaded","section":"Shading Mode"},"sceneLighting":true,"audioPlay":false,"sceneViewState":{"showFog":false,"showMaterialUpdate":false,"showSkybox":false,"showFlares":false,"showImageEffects":false,"showParticleSystems":false},"in2DMode":false,"pivot":{"x":-102.69999694824219,"y":25.360000610351564,"z":-55.30000305175781},"rotation":{"x":0.12755484879016877,"y":-0.7700681090354919,"z":0.16049908101558686,"w":0.6047296524047852},"size":93.66373443603516,"orthographic":false}