{"cameraMode":{"drawMode":0,"name":"Shaded","section":"Shading Mode"},"sceneLighting":true,"audioPlay":false,"sceneViewState":{"showFog":false,"showMaterialUpdate":false,"showSkybox":false,"showFlares":false,"showImageEffects":false,"showParticleSystems":false},"in2DMode":false,"pivot":{"x":-0.6970238089561462,"y":1.2980868816375733,"z":-0.3458395004272461},"rotation":{"x":-0.0037508043460547926,"y":-0.9931010007858276,"z":0.11309953778982163,"w":-0.03248453512787819},"size":10.376988410949707,"orthographic":false}