{"cameraMode":{"drawMode":0,"name":"Shaded","section":"Shading Mode"},"sceneLighting":true,"audioPlay":false,"sceneViewState":{"showFog":false,"showMaterialUpdate":false,"showSkybox":true,"showFlares":false,"showImageEffects":false,"showParticleSystems":false},"in2DMode":false,"pivot":{"x":-6.882777214050293,"y":16.99184799194336,"z":-16.93292236328125},"rotation":{"x":0.004185168072581291,"y":-0.9877238869667053,"z":0.15926514565944673,"w":0.010636492632329464},"size":6.645235538482666,"orthographic":false}