{"cameraMode":{"drawMode":0,"name":"Shaded","section":"Shading Mode"},"sceneLighting":true,"audioPlay":false,"sceneViewState":{"showFog":false,"showMaterialUpdate":false,"showSkybox":true,"showFlares":false,"showImageEffects":false,"showParticleSystems":false},"in2DMode":false,"pivot":{"x":-4.82218599319458,"y":17.206586837768556,"z":-16.753360748291017},"rotation":{"x":0.008959085680544377,"y":-0.9729821085929871,"z":0.23124438524246217,"w":0.029402945190668107},"size":8.039554595947266,"orthographic":false}