{"cameraMode":{"drawMode":0,"name":"Shaded","section":"Shading Mode"},"sceneLighting":true,"audioPlay":false,"sceneViewState":{"showFog":false,"showMaterialUpdate":false,"showSkybox":true,"showFlares":false,"showImageEffects":false,"showParticleSystems":false},"in2DMode":false,"pivot":{"x":-6.323999881744385,"y":16.389999389648439,"z":-16.239999771118165},"rotation":{"x":-0.04167924448847771,"y":0.9521191716194153,"z":-0.1398681104183197,"w":-0.27017730474472048},"size":7.362061500549316,"orthographic":false}