{"cameraMode":{"drawMode":0,"name":"Shaded","section":"Shading Mode"},"sceneLighting":true,"audioPlay":false,"sceneViewState":{"showFog":false,"showMaterialUpdate":false,"showSkybox":false,"showFlares":false,"showImageEffects":false,"showParticleSystems":false},"in2DMode":false,"pivot":{"x":13.050000190734864,"y":16.771886825561525,"z":-71.82841491699219},"rotation":{"x":-0.012421520426869393,"y":0.9875652194023132,"z":-0.09957831352949143,"w":-0.12237696349620819},"size":7.218340873718262,"orthographic":false}