{"cameraMode":{"drawMode":0,"name":"Shaded","section":"Shading Mode"},"sceneLighting":true,"audioPlay":false,"sceneViewState":{"showFog":false,"showMaterialUpdate":false,"showSkybox":true,"showFlares":false,"showImageEffects":false,"showParticleSystems":false},"in2DMode":false,"pivot":{"x":-24.184925079345704,"y":21.97299575805664,"z":-46.77324676513672},"rotation":{"x":-0.16018834710121156,"y":0.07894021272659302,"z":-0.013070774264633656,"w":-0.9839741587638855},"size":218.7882080078125,"orthographic":false}