{"cameraMode":{"drawMode":0,"name":"Shaded","section":"Shading Mode"},"sceneLighting":true,"audioPlay":false,"sceneViewState":{"showFog":false,"showMaterialUpdate":false,"showSkybox":true,"showFlares":false,"showImageEffects":false,"showParticleSystems":false},"in2DMode":false,"pivot":{"x":-42.71636199951172,"y":20.59183120727539,"z":-45.58000183105469},"rotation":{"x":0.195436030626297,"y":-0.46625396609306338,"z":0.10649164021015167,"w":0.8564475774765015},"size":91.641357421875,"orthographic":false}