{"cameraMode":{"drawMode":0,"name":"Shaded","section":"Shading Mode"},"sceneLighting":false,"audioPlay":false,"sceneViewState":{"showFog":true,"showMaterialUpdate":false,"showSkybox":true,"showFlares":true,"showImageEffects":true,"showParticleSystems":true},"in2DMode":false,"pivot":{"x":26.91998291015625,"y":12.27265739440918,"z":-58.94305419921875},"rotation":{"x":-0.10826171934604645,"y":-0.8564951419830322,"z":0.2052537500858307,"w":-0.4626787602901459},"size":414.9071350097656,"orthographic":false}