{"cameraMode":{"drawMode":0,"name":"Shaded","section":"Shading Mode"},"sceneLighting":true,"audioPlay":false,"sceneViewState":{"showFog":false,"showMaterialUpdate":false,"showSkybox":true,"showFlares":false,"showImageEffects":false,"showParticleSystems":false},"in2DMode":false,"pivot":{"x":-6.323999881744385,"y":17.764999389648439,"z":-22.07200050354004},"rotation":{"x":-0.003674778388813138,"y":0.9786094427108765,"z":-0.01609216444194317,"w":-0.20581506192684174},"size":15.938458442687989,"orthographic":false}