{"cameraMode":{"drawMode":0,"name":"Shaded","section":"Shading Mode"},"sceneLighting":true,"audioPlay":false,"sceneViewState":{"showFog":false,"showMaterialUpdate":false,"showSkybox":true,"showFlares":false,"showImageEffects":false,"showParticleSystems":false},"in2DMode":false,"pivot":{"x":-6.456982612609863,"y":17.441930770874025,"z":-16.8019962310791},"rotation":{"x":0.01128704659640789,"y":-0.9895473122596741,"z":0.108156718313694,"w":0.10072668641805649},"size":5.8416595458984379,"orthographic":false}