{"cameraMode":{"drawMode":0,"name":"Shaded","section":"Shading Mode"},"sceneLighting":true,"audioPlay":false,"sceneViewState":{"showFog":false,"showMaterialUpdate":false,"showSkybox":true,"showFlares":false,"showImageEffects":false,"showParticleSystems":false},"in2DMode":false,"pivot":{"x":-58.92308044433594,"y":5.8737945556640629,"z":-129.52978515625},"rotation":{"x":0.1671893149614334,"y":-0.8313275575637817,"z":0.33632245659828188,"w":0.41046008467674258},"size":182.3863525390625,"orthographic":false}