{"cameraMode":{"drawMode":0,"name":"Shaded","section":"Shading Mode"},"sceneLighting":true,"audioPlay":false,"sceneViewState":{"showFog":false,"showMaterialUpdate":false,"showSkybox":true,"showFlares":false,"showImageEffects":false,"showParticleSystems":false},"in2DMode":false,"pivot":{"x":-6.323999881744385,"y":16.46299934387207,"z":-15.972000122070313},"rotation":{"x":-0.033344268798828128,"y":0.9656054973602295,"z":-0.1563306450843811,"w":-0.20609323680400849},"size":14.630387306213379,"orthographic":false}