{"cameraMode":{"drawMode":0,"name":"Shaded","section":"Shading Mode"},"sceneLighting":true,"audioPlay":false,"sceneViewState":{"showFog":true,"showMaterialUpdate":false,"showSkybox":false,"showFlares":true,"showImageEffects":true,"showParticleSystems":true},"in2DMode":false,"pivot":{"x":-92.51399993896485,"y":0.9400005340576172,"z":-112.35000610351563},"rotation":{"x":0.3606848418712616,"y":0.20453980565071107,"z":-0.08625179529190064,"w":0.907008707523346},"size":160.04150390625,"orthographic":false}