{"cameraMode":{"drawMode":0,"name":"Shaded","section":"Shading Mode"},"sceneLighting":false,"audioPlay":false,"sceneViewState":{"showFog":false,"showMaterialUpdate":false,"showSkybox":false,"showFlares":false,"showImageEffects":false,"showParticleSystems":false},"in2DMode":false,"pivot":{"x":0.13661783933639527,"y":0.8600472211837769,"z":0.07533782720565796},"rotation":{"x":-0.041025832295417789,"y":0.9575441479682922,"z":-0.16974078118801118,"w":-0.23002029955387116},"size":21.08331871032715,"orthographic":false}