{"cameraMode":{"drawMode":0,"name":"Shaded","section":"Shading Mode"},"sceneLighting":true,"audioPlay":false,"sceneViewState":{"showFog":true,"showMaterialUpdate":false,"showSkybox":false,"showFlares":true,"showImageEffects":true,"showParticleSystems":true},"in2DMode":false,"pivot":{"x":-41.43160629272461,"y":31.299999237060548,"z":-63.854000091552737},"rotation":{"x":0.10017037391662598,"y":0.8675100207328796,"z":-0.1925390511751175,"w":0.45150813460350039},"size":47.89261245727539,"orthographic":false}