{"cameraMode":{"drawMode":0,"name":"Shaded","section":"Shading Mode"},"sceneLighting":true,"audioPlay":true,"sceneViewState":{"showFog":true,"showMaterialUpdate":false,"showSkybox":true,"showFlares":true,"showImageEffects":true,"showParticleSystems":true},"in2DMode":false,"pivot":{"x":114.37865447998047,"y":2.6198501586914064,"z":33.43402862548828},"rotation":{"x":0.04767386615276337,"y":-0.9489666819572449,"z":0.2583392858505249,"w":0.17472082376480103},"size":255.33538818359376,"orthographic":false}