{"cameraMode":{"drawMode":0,"name":"Shaded","section":"Shading Mode"},"sceneLighting":false,"audioPlay":false,"sceneViewState":{"showFog":true,"showMaterialUpdate":false,"showSkybox":false,"showFlares":true,"showImageEffects":true,"showParticleSystems":true},"in2DMode":false,"pivot":{"x":0.6467971801757813,"y":5.460718631744385,"z":-1.585566759109497},"rotation":{"x":0.031168906018137933,"y":0.9544743895530701,"z":-0.265436589717865,"w":0.14310599863529206},"size":13.302791595458985,"orthographic":false}